STATION                          : Easter Island (Rapa Nui), Chile
Data Provider                    : DMC Dirección Meteorológica de Chile, GAW Program (https://woudc.org/)
Data Compilation                 : 05 April, 2021, by CR2 Center for Climate and Resilience Research. Linearly interpolated data every 100 m
Latitude (deg)                   : -27.17
Longitude (deg)                  : -109.42
Elevation (m)                    : 106.0
Launch Date (YYYYMMDD)           : 20100618
Launch Time (UTC)                : 23:51
Sonde Instrument, SN             : SPC 6A
Radiosonde, SN                   : 
Solution                         : 
Applied pump corrections         : 
Pump flow rate (sec/100ml)       : 9000
Background current (uA)          : 9000
Missing or bad values            : 9000
Variables measured by sonde      : Geopotential Height, Pressure, Ozone Partial Pressure, Temperature, Relative Humidity, Wind Speed, Wind Direction
Variables calculated from data   : Mixing Ratio Ozone by volume, Column Ozone, Zonal and Meridional Winds, Potential Temperature, Equivalent Potential Temperature, Water Vapor Mixing Ratio by mass

Alt	Press	Temp	RH	O3	O3	O3	uwnd	vwnd	Speed	Direction	Theta	Theta_e	MixRatio_H2O
km	hPa	K	%	mPa	ppbv	DU	m/s	m/s	m/s	°	K	K	g/kg
0.0	9000.000	9000.000	9000.000	9000.000	9000.000	9000.000	9000.000	9000.000	9000.000	9000.000	9000.000	9000.000	9000.00000
0.1	9000.000	9000.000	9000.000	9000.000	9000.000	9000.000	9000.000	9000.000	9000.000	9000.000	9000.000	9000.000	9000.00000
0.2	1003.466	291.454	78.170	1.279	12.749	0.166	9000.000	9000.000	9000.000	9000.000	291.167	317.588	10.63210
0.3	991.725	290.400	82.500	1.300	13.109	0.292	9000.000	9000.000	9000.000	9000.000	291.088	317.525	10.60165
0.4	980.234	289.440	86.517	1.300	13.262	0.418	9000.000	9000.000	9000.000	9000.000	291.091	317.521	10.56298
0.5	968.767	288.467	90.500	1.300	13.419	0.538	9000.000	9000.000	9000.000	9000.000	291.086	317.411	10.48434
0.6	957.410	287.533	93.862	1.300	13.578	0.655	9000.000	9000.000	9000.000	9000.000	291.120	317.180	10.34313
0.7	946.200	286.683	96.667	1.300	13.739	0.778	9000.000	9000.000	9000.000	9000.000	291.235	316.987	10.18491
0.8	934.977	286.176	98.000	1.300	13.904	0.906	9000.000	9000.000	9000.000	9000.000	291.710	317.339	10.10125
0.9	924.028	285.859	96.094	1.300	14.069	1.024	9000.000	9000.000	9000.000	9000.000	292.366	317.351	9.81270
1.0	913.192	287.535	84.683	1.238	13.559	1.140	9000.000	9000.000	9000.000	9000.000	295.070	320.081	9.78892
1.1	902.464	287.823	76.182	1.200	13.297	1.245	9000.000	9000.000	9000.000	9000.000	296.361	319.668	9.08968
1.2	891.778	287.528	71.667	1.211	13.582	1.358	9000.000	9000.000	9000.000	9000.000	297.063	318.903	8.48690
1.3	881.296	286.850	64.923	1.300	14.751	1.478	9000.000	9000.000	9000.000	9000.000	297.363	316.569	7.43600
1.4	870.900	286.750	57.000	1.400	16.075	1.612	9000.000	9000.000	9000.000	9000.000	298.265	315.282	6.56375
1.5	860.626	286.190	59.868	1.500	17.429	1.749	9000.000	9000.000	9000.000	9000.000	298.691	316.173	6.71963
1.6	850.500	285.514	60.000	1.584	18.625	1.893	9000.000	9000.000	9000.000	9000.000	298.992	315.996	6.51245
1.7	840.400	284.987	58.122	1.600	19.039	2.051	9000.000	9000.000	9000.000	9000.000	299.457	315.605	6.16174
1.8	830.400	284.399	58.327	1.700	20.472	2.205	9000.000	9000.000	9000.000	9000.000	299.860	315.679	6.01415
1.9	820.500	284.054	57.000	1.604	19.554	2.357	9000.000	9000.000	9000.000	9000.000	300.521	315.862	5.81082
2.0	810.714	283.295	55.000	1.614	19.906	2.518	9000.000	9000.000	9000.000	9000.000	300.744	315.025	5.38843
2.1	801.011	282.596	57.109	1.700	21.223	2.672	9000.000	9000.000	9000.000	9000.000	301.032	315.390	5.39774
2.2	791.438	281.774	65.905	1.700	21.480	2.826	9000.000	9000.000	9000.000	9000.000	301.187	317.083	5.95680
2.3	781.950	281.275	71.250	1.625	20.780	2.987	9000.000	9000.000	9000.000	9000.000	301.688	318.553	6.29843
2.4	772.476	281.058	67.163	1.600	20.713	3.147	9000.000	9000.000	9000.000	9000.000	302.504	318.420	5.92106
2.5	763.118	280.441	62.956	1.600	20.967	3.296	9000.000	9000.000	9000.000	9000.000	302.890	317.417	5.38252
2.6	754.007	280.148	65.963	1.600	21.220	3.462	9000.000	9000.000	9000.000	9000.000	303.610	318.757	5.59292
2.7	744.835	279.876	63.130	1.513	20.312	3.615	9000.000	9000.000	9000.000	9000.000	304.374	318.832	5.31720
2.8	735.852	279.791	62.414	1.500	20.385	3.758	9000.000	9000.000	9000.000	9000.000	305.336	319.774	5.29042
2.9	726.961	279.607	60.261	1.600	22.010	3.897	9000.000	9000.000	9000.000	9000.000	306.193	320.177	5.10468
3.0	718.111	279.261	59.000	1.600	22.281	4.062	9000.000	9000.000	9000.000	9000.000	306.883	320.466	4.93873
3.1	709.407	279.528	53.815	1.700	23.964	4.223	9000.000	9000.000	9000.000	9000.000	308.246	321.071	4.64464
3.2	700.843	279.714	48.000	1.700	24.257	4.391	9000.000	9000.000	9000.000	9000.000	309.520	321.311	4.25172
3.3	692.353	279.266	48.000	1.700	24.554	4.550	9000.000	9000.000	9000.000	9000.000	310.098	321.710	4.17088
3.4	683.949	278.463	49.000	1.700	24.856	4.718	9000.000	9000.000	9000.000	9000.000	310.284	321.670	4.07352
3.5	675.630	277.798	49.000	1.700	25.162	4.873	9000.000	9000.000	9000.000	9000.000	310.624	321.664	3.93401
3.6	667.371	277.174	50.588	1.600	23.975	5.031	9000.000	9000.000	9000.000	9000.000	311.014	322.092	3.93295
3.7	659.255	276.559	49.545	1.600	24.270	5.191	9000.000	9000.000	9000.000	9000.000	311.408	321.966	3.73244
3.8	651.144	276.289	48.593	1.500	23.037	5.339	9000.000	9000.000	9000.000	9000.000	312.202	322.529	3.63590
3.9	643.202	275.709	48.204	1.500	23.321	5.474	9000.000	9000.000	9000.000	9000.000	312.638	322.626	3.50193
4.0	635.215	275.091	51.413	1.500	23.614	5.617	9000.000	9000.000	9000.000	9000.000	313.050	323.405	3.61818
4.1	627.417	274.471	46.472	1.500	23.908	5.769	9000.000	9000.000	9000.000	9000.000	313.444	322.553	3.16563
4.2	619.665	273.857	47.000	1.500	24.207	5.909	9000.000	9000.000	9000.000	9000.000	313.853	322.809	3.09984
4.3	612.006	273.885	43.647	1.559	25.473	6.069	9000.000	9000.000	9000.000	9000.000	315.000	323.474	2.91925
4.4	604.435	274.089	36.163	1.600	26.471	6.224	9000.000	9000.000	9000.000	9000.000	316.353	323.621	2.48764
4.5	596.867	273.550	34.667	1.667	27.926	6.395	9000.000	9000.000	9000.000	9000.000	316.866	323.686	2.32179
4.6	589.537	273.199	35.000	1.600	27.140	6.556	9000.000	9000.000	9000.000	9000.000	317.576	324.399	2.31355
4.7	582.164	273.219	34.000	1.569	26.950	6.708	9000.000	9000.000	9000.000	9000.000	318.740	325.491	2.27949
4.8	574.962	272.785	33.164	1.500	26.089	6.857	9000.000	9000.000	9000.000	9000.000	319.363	325.853	2.18065
4.9	567.830	272.180	34.900	1.500	26.416	7.019	9000.000	9000.000	9000.000	9000.000	319.790	326.429	2.22267
5.0	560.700	271.600	33.500	1.450	25.858	7.156	9000.000	9000.000	9000.000	9000.000	320.260	326.478	2.07013
5.1	553.760	271.181	30.654	1.400	25.282	7.284	9000.000	9000.000	9000.000	9000.000	320.901	326.525	1.85984
5.2	546.760	270.512	29.000	1.400	25.605	7.423	9000.000	9000.000	9000.000	9000.000	321.272	326.432	1.69516
5.3	539.964	269.834	29.040	1.400	25.928	7.559	9000.000	9000.000	9000.000	9000.000	321.610	326.610	1.63380
5.4	533.200	269.050	31.000	1.400	26.257	7.707	9000.000	9000.000	9000.000	9000.000	321.829	326.943	1.66514
5.5	526.389	268.518	30.000	1.400	26.597	7.850	9000.000	9000.000	9000.000	9000.000	322.372	327.217	1.56814
5.6	519.784	267.791	29.482	1.348	25.935	7.982	9000.000	9000.000	9000.000	9000.000	322.657	327.251	1.47740
5.7	513.200	267.024	29.316	1.300	25.332	8.112	9000.000	9000.000	9000.000	9000.000	322.903	327.291	1.40265
5.8	506.674	266.403	27.532	1.300	25.658	8.235	9000.000	9000.000	9000.000	9000.000	323.329	327.343	1.27263
5.9	500.194	265.713	26.000	1.300	25.990	8.372	9000.000	9000.000	9000.000	9000.000	323.676	327.349	1.15432
6.0	493.758	264.993	26.057	1.300	26.329	8.507	9000.000	9000.000	9000.000	9000.000	323.992	327.543	1.10891
6.1	487.451	264.420	23.000	1.300	26.669	8.638	9000.000	9000.000	9000.000	9000.000	324.477	327.552	0.94781
6.2	481.200	263.650	23.000	1.300	27.016	8.771	9000.000	9000.000	9000.000	9000.000	324.724	327.679	0.90405
6.3	475.062	262.895	26.774	1.211	25.497	8.898	9000.000	9000.000	9000.000	9000.000	324.981	328.258	1.00444
6.4	468.885	262.048	29.000	1.200	25.593	9.017	9000.000	9000.000	9000.000	9000.000	325.143	328.518	1.03112
6.5	462.810	261.272	29.755	1.200	25.929	9.140	9000.000	9000.000	9000.000	9000.000	325.387	328.704	1.00757
6.6	456.751	260.540	31.776	1.200	26.273	9.266	9000.000	9000.000	9000.000	9000.000	325.695	329.092	1.02826
6.7	450.794	259.594	34.712	1.129	25.038	9.384	9000.000	9000.000	9000.000	9000.000	325.729	329.223	1.05472
6.8	444.958	258.758	35.271	1.127	25.327	9.497	9000.000	9000.000	9000.000	9000.000	325.887	329.273	1.01500
6.9	439.108	258.008	31.292	1.100	25.051	9.616	9000.000	9000.000	9000.000	9000.000	326.170	329.078	0.85844
7.0	433.292	257.102	32.688	1.100	25.387	9.728	9000.000	9000.000	9000.000	9000.000	326.261	329.135	0.84327
7.1	427.627	256.281	33.922	1.100	25.723	9.844	9000.000	9000.000	9000.000	9000.000	326.441	329.283	0.82881
7.2	421.943	255.443	36.068	1.100	26.070	9.956	9000.000	9000.000	9000.000	9000.000	326.616	329.485	0.83307
7.3	416.269	254.713	37.878	1.100	26.425	10.079	9000.000	9000.000	9000.000	9000.000	326.941	329.828	0.83442
7.4	410.779	253.921	37.071	1.100	26.779	10.203	9000.000	9000.000	9000.000	9000.000	327.159	329.867	0.77423
7.5	405.233	253.194	37.111	1.100	27.145	10.325	9000.000	9000.000	9000.000	9000.000	327.488	330.096	0.73894
7.6	399.810	252.533	33.458	1.100	27.514	10.442	9000.000	9000.000	9000.000	9000.000	327.889	330.185	0.63843
7.7	394.423	251.870	30.464	1.100	27.889	10.554	9000.000	9000.000	9000.000	9000.000	328.294	330.336	0.55679
7.8	389.144	251.039	27.944	1.100	28.267	10.669	9000.000	9000.000	9000.000	9000.000	328.469	330.278	0.48189
7.9	383.819	250.573	25.151	1.008	26.249	10.784	9000.000	9000.000	9000.000	9000.000	329.148	330.773	0.42243
8.0	378.664	249.759	24.000	1.000	26.409	10.889	9000.000	9000.000	9000.000	9000.000	329.346	330.843	0.38071
8.1	373.520	248.946	22.392	1.000	26.773	10.995	9000.000	9000.000	9000.000	9000.000	329.555	330.912	0.33557
8.2	368.424	248.397	16.412	1.000	27.143	11.105	9000.000	9000.000	9000.000	9000.000	330.118	331.160	0.23812
8.3	363.417	247.814	11.000	0.966	26.579	11.213	9000.000	9000.000	9000.000	9000.000	330.629	331.397	0.15330
8.4	358.450	247.215	11.000	0.900	25.108	11.313	9000.000	9000.000	9000.000	9000.000	331.125	331.878	0.14738
8.5	353.450	246.105	11.741	0.974	27.566	11.418	9000.000	9000.000	9000.000	9000.000	330.960	331.709	0.14440
8.6	348.598	245.109	12.482	1.000	28.687	11.523	9000.000	9000.000	9000.000	9000.000	330.921	331.668	0.14230
8.7	343.780	244.329	13.000	0.900	26.180	11.625	9000.000	9000.000	9000.000	9000.000	331.177	331.923	0.14011
8.8	338.958	243.319	14.051	0.900	26.552	11.728	9000.000	9000.000	9000.000	9000.000	331.139	331.890	0.14005
8.9	334.247	242.383	15.733	0.900	26.927	11.827	9000.000	9000.000	9000.000	9000.000	331.183	331.960	0.14587
9.0	329.564	241.621	16.000	0.900	27.309	11.927	9000.000	9000.000	9000.000	9000.000	331.471	332.234	0.14026
9.1	324.980	240.875	15.000	0.900	27.694	12.029	9000.000	9000.000	9000.000	9000.000	331.768	332.483	0.12438
9.2	320.365	240.020	15.860	0.900	28.093	12.128	9000.000	9000.000	9000.000	9000.000	331.940	332.656	0.12308
9.3	315.780	239.150	15.000	0.900	28.501	12.234	9000.000	9000.000	9000.000	9000.000	332.098	332.770	0.10882
9.4	311.322	238.347	14.587	0.900	28.909	12.337	9000.000	9000.000	9000.000	9000.000	332.326	332.971	0.09952
9.5	306.887	237.540	11.361	0.900	29.327	12.438	9000.000	9000.000	9000.000	9000.000	332.557	333.115	0.07279
9.6	302.487	236.717	10.000	0.900	29.754	12.541	9000.000	9000.000	9000.000	9000.000	332.771	333.288	0.05998
9.7	298.132	235.811	10.000	0.900	30.188	12.643	9000.000	9000.000	9000.000	9000.000	332.870	333.377	0.05573
9.8	293.880	234.900	10.000	0.900	30.625	12.744	9000.000	9000.000	9000.000	9000.000	332.943	333.441	0.05171
9.9	289.625	233.994	11.780	0.900	31.075	12.848	9000.000	9000.000	9000.000	9000.000	333.040	333.559	0.05645
10.0	285.430	233.117	14.934	0.900	31.532	12.954	9000.000	9000.000	9000.000	9000.000	333.173	333.733	0.06665
10.1	281.208	232.220	14.000	0.900	32.005	13.057	9000.000	9000.000	9000.000	9000.000	333.303	333.837	0.05797
10.2	277.148	231.212	15.793	0.860	31.036	13.153	9000.000	9000.000	9000.000	9000.000	333.234	333.779	0.05984
10.3	273.075	230.075	17.000	0.800	29.296	13.253	9000.000	9000.000	9000.000	9000.000	332.996	333.540	0.05830
10.4	269.012	229.206	17.688	0.800	29.739	13.347	9000.000	9000.000	9000.000	9000.000	333.159	333.700	0.05628
10.5	265.021	228.402	19.000	0.800	30.187	13.438	9000.000	9000.000	9000.000	9000.000	333.407	333.954	0.05650
10.6	261.138	227.507	19.000	0.800	30.635	13.536	9000.000	9000.000	9000.000	9000.000	333.499	334.035	0.05222
10.7	257.193	226.535	19.525	0.748	29.057	13.624	9000.000	9000.000	9000.000	9000.000	333.517	334.047	0.04917
10.8	253.361	225.661	22.295	0.800	31.576	13.716	9000.000	9000.000	9000.000	9000.000	333.654	334.199	0.05194
10.9	249.560	224.750	24.800	0.720	28.845	13.803	9000.000	9000.000	9000.000	9000.000	333.740	334.295	0.05323
11.0	245.788	223.881	25.000	0.742	30.207	13.896	9000.000	9000.000	9000.000	9000.000	333.896	334.443	0.04963
11.1	242.000	223.050	26.000	0.700	28.926	13.986	9000.000	9000.000	9000.000	9000.000	334.130	334.675	0.04789
11.2	238.334	222.094	24.406	0.800	33.567	14.085	9000.000	9000.000	9000.000	9000.000	334.148	334.673	0.04115
11.3	234.671	221.079	24.143	0.800	34.091	14.181	9000.000	9000.000	9000.000	9000.000	334.091	334.604	0.03692
11.4	231.090	220.267	25.000	0.800	34.619	14.272	9000.000	9000.000	9000.000	9000.000	334.326	334.838	0.03548
11.5	227.568	219.453	26.492	0.849	37.325	14.380	9000.000	9000.000	9000.000	9000.000	334.552	335.067	0.03483
11.6	223.986	218.747	25.793	0.900	40.182	14.490	9000.000	9000.000	9000.000	9000.000	334.984	335.493	0.03184
11.7	220.569	217.801	25.000	0.900	40.804	14.603	9000.000	9000.000	9000.000	9000.000	335.000	335.499	0.02813
11.8	217.146	216.846	26.607	0.900	41.447	14.707	9000.000	9000.000	9000.000	9000.000	335.021	335.521	0.02725
11.9	213.700	216.028	25.000	0.800	37.436	14.808	9000.000	9000.000	9000.000	9000.000	335.281	335.772	0.02367
12.0	210.318	215.189	25.268	0.800	38.038	14.909	9000.000	9000.000	9000.000	9000.000	335.500	335.990	0.02204
12.1	207.003	214.430	28.000	0.800	38.647	15.013	9000.000	9000.000	9000.000	9000.000	335.832	336.329	0.02270
12.2	203.783	213.752	28.000	0.800	39.258	15.113	9000.000	9000.000	9000.000	9000.000	336.269	336.766	0.02128
12.3	200.516	212.917	25.534	0.800	39.898	15.214	9000.000	9000.000	9000.000	9000.000	336.502	336.990	0.01787
12.4	197.352	212.203	24.000	0.800	40.537	15.318	9000.000	9000.000	9000.000	9000.000	336.896	337.381	0.01566
12.5	194.155	211.056	24.000	0.800	41.205	15.424	9000.000	9000.000	9000.000	9000.000	336.638	337.119	0.01385
12.6	191.000	210.110	24.400	0.800	41.886	15.530	9000.000	9000.000	9000.000	9000.000	336.696	337.178	0.01274
12.7	187.943	209.131	25.000	0.800	42.567	15.632	9000.000	9000.000	9000.000	9000.000	336.671	337.153	0.01177
12.8	184.916	208.426	26.746	0.800	43.264	15.735	9000.000	9000.000	9000.000	9000.000	337.092	337.579	0.01171
12.9	181.878	207.506	29.812	0.709	38.998	15.829	9000.000	9000.000	9000.000	9000.000	337.191	337.683	0.01183
13.0	178.906	206.741	31.418	0.742	41.478	15.926	9000.000	9000.000	9000.000	9000.000	337.528	338.024	0.01151
13.1	176.017	206.075	32.000	0.800	45.450	16.041	9000.000	9000.000	9000.000	9000.000	338.003	338.502	0.01095
13.2	173.049	207.471	29.552	1.090	62.995	16.188	9000.000	9000.000	9000.000	9000.000	341.947	342.461	0.01228
13.3	170.255	206.765	28.031	1.297	76.177	16.355	9000.000	9000.000	9000.000	9000.000	342.366	342.879	0.01082
13.4	167.450	206.000	27.000	1.400	83.610	16.546	9000.000	9000.000	9000.000	9000.000	342.719	343.232	0.00962
13.5	164.700	206.050	27.000	1.500	91.075	16.735	9000.000	9000.000	9000.000	9000.000	344.421	344.942	0.00984
13.6	162.033	206.104	28.537	1.654	102.082	16.961	9000.000	9000.000	9000.000	9000.000	346.119	346.650	0.01065
13.7	159.373	206.244	30.000	1.700	106.668	17.177	9000.000	9000.000	9000.000	9000.000	347.988	348.531	0.01158
13.8	156.732	205.679	30.569	1.700	108.468	17.398	9000.000	9000.000	9000.000	9000.000	348.693	349.239	0.01116
13.9	154.164	206.180	30.000	1.700	110.274	17.617	9000.000	9000.000	9000.000	9000.000	351.189	351.747	0.01188
14.0	151.580	206.431	29.186	1.700	112.154	17.839	9000.000	9000.000	9000.000	9000.000	353.316	353.883	0.01213
14.1	149.100	206.750	26.500	1.700	114.020	18.053	9000.000	9000.000	9000.000	9000.000	355.528	356.101	0.01166
14.2	146.658	207.239	23.211	1.726	117.724	18.275	9000.000	9000.000	9000.000	9000.000	358.050	358.629	0.01103
14.3	144.262	208.438	18.654	1.988	137.832	18.515	9000.000	9000.000	9000.000	9000.000	361.814	362.401	0.01049
14.4	141.978	208.239	14.778	1.789	125.993	18.732	9000.000	9000.000	9000.000	9000.000	363.115	363.698	0.00824
14.5	139.617	208.559	11.652	1.600	114.601	18.949	9000.000	9000.000	9000.000	9000.000	365.414	366.000	0.00687
14.6	137.383	209.433	9.583	1.600	116.464	19.149	9000.000	9000.000	9000.000	9000.000	368.636	369.229	0.00640
14.7	135.167	209.472	7.556	1.600	118.375	19.371	9000.000	9000.000	9000.000	9000.000	370.417	371.012	0.00516
14.8	132.960	208.765	6.717	1.600	120.339	19.578	9000.000	9000.000	9000.000	9000.000	370.901	371.498	0.00427
14.9	130.816	208.187	6.000	1.600	122.310	19.768	9000.000	9000.000	9000.000	9000.000	371.590	372.190	0.00361
15.0	128.685	208.315	5.000	1.600	124.336	19.964	9000.000	9000.000	9000.000	9000.000	373.562	374.168	0.00310
15.1	126.554	208.333	5.000	1.683	132.990	20.178	9000.000	9000.000	9000.000	9000.000	375.376	375.990	0.00316
15.2	124.516	208.570	4.795	1.700	136.530	20.406	9000.000	9000.000	9000.000	9000.000	377.546	378.168	0.00317
15.3	122.498	208.561	4.000	1.600	130.616	20.614	9000.000	9000.000	9000.000	9000.000	379.289	379.917	0.00269
15.4	120.552	208.150	4.000	1.500	124.429	20.813	9000.000	9000.000	9000.000	9000.000	380.273	380.906	0.00260
15.5	118.576	207.972	4.000	1.500	126.503	21.011	9000.000	9000.000	9000.000	9000.000	381.742	382.382	0.00258
15.6	116.627	207.617	4.000	1.500	128.617	21.219	9000.000	9000.000	9000.000	9000.000	382.893	383.541	0.00251
15.7	114.700	207.950	4.000	1.550	135.157	21.423	9000.000	9000.000	9000.000	9000.000	385.331	385.988	0.00266
15.8	112.860	207.170	4.000	1.600	141.771	21.646	9000.000	9000.000	9000.000	9000.000	385.658	386.319	0.00245
15.9	110.982	206.544	4.000	1.600	144.170	21.860	9000.000	9000.000	9000.000	9000.000	386.335	387.002	0.00230
16.0	109.143	206.007	4.000	1.600	146.600	22.046	9000.000	9000.000	9000.000	9000.000	387.169	387.842	0.00219
16.1	107.362	205.361	4.000	1.600	149.031	22.236	9000.000	9000.000	9000.000	9000.000	387.767	388.445	0.00205
16.2	105.588	204.567	4.000	1.600	151.536	22.455	9000.000	9000.000	9000.000	9000.000	388.105	388.789	0.00188
16.3	103.840	203.720	4.000	1.600	154.085	22.660	9000.000	9000.000	9000.000	9000.000	388.341	389.028	0.00171
16.4	102.130	203.006	4.000	1.600	156.664	22.869	9000.000	9000.000	9000.000	9000.000	388.813	389.506	0.00158
16.5	100.370	202.441	4.000	1.600	159.411	23.081	9000.000	9000.000	9000.000	9000.000	389.657	390.357	0.00150
16.6	98.709	202.193	4.000	1.624	164.533	23.307	9000.000	9000.000	9000.000	9000.000	391.035	391.742	0.00147
16.7	97.082	203.423	4.000	1.745	179.813	23.528	9000.000	9000.000	9000.000	9000.000	395.280	396.001	0.00176
16.8	95.461	204.587	4.000	1.967	206.116	23.795	9000.000	9000.000	9000.000	9000.000	399.453	400.189	0.00208
16.9	93.904	204.724	4.000	2.185	232.707	24.070	9000.000	9000.000	9000.000	9000.000	401.597	402.341	0.00216
17.0	92.384	204.841	4.000	2.300	248.960	24.365	9000.000	9000.000	9000.000	9000.000	403.697	404.451	0.00223
17.1	90.844	204.083	4.000	2.322	255.644	24.676	9000.000	9000.000	9000.000	9000.000	404.135	404.894	0.00205
17.2	89.326	203.972	4.000	2.339	261.889	24.993	9000.000	9000.000	9000.000	9000.000	405.858	406.626	0.00206
17.3	87.820	203.696	4.000	2.500	284.679	25.331	9000.000	9000.000	9000.000	9000.000	407.277	408.053	0.00202
17.4	86.370	203.478	4.000	2.672	309.357	25.675	9000.000	9000.000	9000.000	9000.000	408.776	409.560	0.00199
17.5	84.904	202.910	4.000	2.700	318.008	26.052	9000.000	9000.000	9000.000	9000.000	409.625	410.415	0.00188
17.6	83.527	203.632	4.000	2.896	346.667	26.427	9000.000	9000.000	9000.000	9000.000	413.004	413.807	0.00210
17.7	82.080	203.430	4.000	3.120	380.135	26.830	9000.000	9000.000	9000.000	9000.000	414.652	415.464	0.00208
17.8	80.735	203.162	3.442	3.244	401.860	27.256	9000.000	9000.000	9000.000	9000.000	416.059	416.877	0.00176
17.9	79.387	202.957	3.311	3.369	424.390	27.707	9000.000	9000.000	9000.000	9000.000	417.638	418.465	0.00167
18.0	78.077	203.712	3.000	3.587	459.465	28.180	9000.000	9000.000	9000.000	9000.000	421.183	422.022	0.00171
18.1	76.755	203.695	3.000	3.800	495.086	28.656	9000.000	9000.000	9000.000	9000.000	423.203	424.051	0.00173
18.2	75.495	204.955	3.000	3.666	485.563	29.162	9000.000	9000.000	9000.000	9000.000	427.831	428.696	0.00207
18.3	74.259	205.764	3.000	3.714	500.153	29.643	9000.000	9000.000	9000.000	9000.000	431.544	432.424	0.00234
18.4	73.017	206.111	3.000	4.261	583.583	30.196	9000.000	9000.000	9000.000	9000.000	434.353	435.245	0.00249
18.5	71.861	206.350	3.000	4.500	626.213	30.799	9000.000	9000.000	9000.000	9000.000	436.839	437.742	0.00260
18.6	70.675	206.325	2.000	4.625	654.429	31.376	9000.000	9000.000	9000.000	9000.000	438.861	439.770	0.00176
18.7	69.467	206.297	2.000	4.800	690.988	32.019	9000.000	9000.000	9000.000	9000.000	440.962	441.881	0.00178
18.8	68.345	206.272	2.000	5.196	760.419	32.721	9000.000	9000.000	9000.000	9000.000	442.960	443.888	0.00181
18.9	67.241	206.037	2.000	6.315	939.265	33.497	9000.000	9000.000	9000.000	9000.000	444.511	445.448	0.00178
19.0	66.174	206.805	2.000	6.585	995.134	34.401	9000.000	9000.000	9000.000	9000.000	448.205	449.157	0.00200
19.1	65.011	207.152	2.000	6.993	1075.749	35.224	9000.000	9000.000	9000.000	9000.000	451.230	452.195	0.00212
19.2	64.029	207.564	2.000	7.529	1175.853	36.234	9000.000	9000.000	9000.000	9000.000	454.094	455.071	0.00227
19.3	62.917	207.629	2.000	7.537	1197.971	37.192	9000.000	9000.000	9000.000	9000.000	456.508	457.497	0.00233
19.4	61.944	207.581	2.000	6.900	1113.929	38.128	9000.000	9000.000	9000.000	9000.000	458.434	459.432	0.00235
19.5	60.896	207.650	2.000	7.082	1162.992	39.090	9000.000	9000.000	9000.000	9000.000	460.819	461.830	0.00241
19.6	59.904	207.601	2.000	7.400	1235.318	40.001	9000.000	9000.000	9000.000	9000.000	462.870	463.891	0.00244
19.7	58.902	207.090	2.000	7.240	1229.217	40.963	9000.000	9000.000	9000.000	9000.000	463.956	464.985	0.00233
19.8	58.000	206.625	2.000	7.000	1206.907	41.873	9000.000	9000.000	9000.000	9000.000	464.952	465.988	0.00223
19.9	57.018	207.028	2.000	8.364	1467.033	42.904	9000.000	9000.000	9000.000	9000.000	468.130	469.180	0.00238
20.0	56.135	207.683	2.000	9.465	1686.219	44.100	9000.000	9000.000	9000.000	9000.000	471.703	472.768	0.00263
20.1	55.135	208.274	2.000	10.324	1872.606	45.540	9000.000	9000.000	9000.000	9000.000	475.476	476.557	0.00288
20.2	54.265	208.550	2.000	10.817	1993.522	46.904	9000.000	9000.000	9000.000	9000.000	478.266	479.361	0.00303
20.3	53.408	208.996	2.000	11.246	2105.711	48.325	9000.000	9000.000	9000.000	9000.000	481.467	482.576	0.00326
20.4	52.552	210.085	2.000	11.587	2204.879	49.809	9000.000	9000.000	9000.000	9000.000	486.208	487.337	0.00379
20.5	51.666	210.759	2.000	11.691	2262.899	51.383	9000.000	9000.000	9000.000	9000.000	490.135	491.282	0.00418
20.6	50.842	210.948	2.000	11.456	2253.278	52.843	9000.000	9000.000	9000.000	9000.000	492.828	493.988	0.00435
20.7	50.012	210.372	1.000	10.768	2152.942	54.247	9000.000	9000.000	9000.000	9000.000	493.792	494.948	0.00206
20.8	49.200	210.275	1.000	9.750	1981.670	55.486	9000.000	9000.000	9000.000	9000.000	495.871	497.038	0.00207
20.9	48.452	209.813	1.000	9.400	1940.088	56.673	9000.000	9000.000	9000.000	9000.000	496.945	498.120	0.00199
21.0	47.653	209.750	1.000	9.351	1962.303	57.832	9000.000	9000.000	9000.000	9000.000	499.154	500.341	0.00200
21.1	46.857	209.789	1.000	9.461	2019.193	59.085	9000.000	9000.000	9000.000	9000.000	501.651	502.850	0.00205
21.2	46.102	210.299	1.000	10.023	2174.312	60.345	9000.000	9000.000	9000.000	9000.000	505.201	506.416	0.00222
21.3	45.350	210.550	1.000	10.100	2227.141	61.640	9000.000	9000.000	9000.000	9000.000	508.178	509.408	0.00232
21.4	44.700	211.050	1.000	10.000	2237.136	62.946	9000.000	9000.000	9000.000	9000.000	511.483	512.727	0.00250
21.5	43.950	211.067	1.000	10.183	2317.020	64.163	9000.000	9000.000	9000.000	9000.000	513.996	515.253	0.00255
21.6	43.228	211.304	1.000	10.626	2458.383	65.695	9000.000	9000.000	9000.000	9000.000	517.008	518.280	0.00267
21.7	42.548	211.902	1.000	11.969	2813.223	67.057	9000.000	9000.000	9000.000	9000.000	520.817	522.106	0.00292
21.8	41.865	212.350	1.000	12.712	3036.322	68.667	9000.000	9000.000	9000.000	9000.000	524.328	525.634	0.00313
21.9	41.188	212.442	1.000	12.792	3105.772	70.300	9000.000	9000.000	9000.000	9000.000	526.997	528.317	0.00322
22.0	40.494	212.758	1.000	12.400	3062.176	71.973	9000.000	9000.000	9000.000	9000.000	530.342	531.678	0.00340
22.1	39.906	213.444	1.000	12.498	3131.886	73.427	9000.000	9000.000	9000.000	9000.000	534.275	535.629	0.00374
22.2	39.216	213.938	1.000	12.600	3212.987	75.187	9000.000	9000.000	9000.000	9000.000	538.178	539.551	0.00404
22.3	38.600	213.850	1.000	12.800	3316.062	76.788	9000.000	9000.000	9000.000	9000.000	540.388	541.773	0.00406
22.4	37.991	213.750	1.000	13.004	3422.949	78.170	9000.000	9000.000	9000.000	9000.000	542.585	543.983	0.00408
22.5	37.457	213.793	1.000	13.200	3524.055	79.919	9000.000	9000.000	9000.000	9000.000	544.889	546.299	0.00416
22.6	36.853	214.060	1.000	13.300	3608.970	81.637	9000.000	9000.000	9000.000	9000.000	548.103	549.529	0.00436
22.7	36.237	214.429	1.000	13.400	3697.869	83.368	9000.000	9000.000	9000.000	9000.000	551.688	553.133	0.00463
22.8	35.720	214.303	1.000	13.427	3758.882	84.967	9000.000	9000.000	9000.000	9000.000	553.626	555.082	0.00463
22.9	35.108	214.911	1.000	13.500	3845.319	86.731	9000.000	9000.000	9000.000	9000.000	557.938	559.416	0.00506
23.0	34.600	215.283	1.000	13.633	3940.392	88.407	9000.000	9000.000	9000.000	9000.000	561.230	562.725	0.00536
23.1	34.008	214.972	1.000	13.631	4008.163	90.184	9000.000	9000.000	9000.000	9000.000	563.181	564.688	0.00526
23.2	33.510	215.480	1.000	13.830	4127.252	91.909	9000.000	9000.000	9000.000	9000.000	566.888	568.414	0.00567
23.3	32.953	215.526	1.000	13.876	4210.991	93.503	9000.000	9000.000	9000.000	9000.000	569.723	571.265	0.00580
23.4	32.435	215.372	1.000	13.800	4254.686	95.424	9000.000	9000.000	9000.000	9000.000	571.888	573.442	0.00578
23.5	31.966	215.650	1.000	13.700	4285.837	97.089	9000.000	9000.000	9000.000	9000.000	575.008	576.580	0.00606
23.6	31.389	215.650	1.000	13.706	4366.455	98.753	9000.000	9000.000	9000.000	9000.000	578.001	579.589	0.00617
23.7	30.912	215.746	1.000	13.800	4464.368	100.425	9000.000	9000.000	9000.000	9000.000	580.787	582.391	0.00634
23.8	30.434	215.916	1.000	13.889	4563.623	102.165	9000.000	9000.000	9000.000	9000.000	583.829	585.450	0.00657
23.9	29.953	216.150	1.000	13.800	4607.294	103.935	9000.000	9000.000	9000.000	9000.000	587.120	588.759	0.00686
24.0	29.476	216.399	1.000	13.875	4707.135	105.731	9000.000	9000.000	9000.000	9000.000	590.488	592.146	0.00717
24.1	29.051	216.875	1.000	13.825	4759.042	107.514	9000.000	9000.000	9000.000	9000.000	594.243	595.921	0.00769
24.2	28.557	216.750	1.000	13.700	4797.447	109.101	9000.000	9000.000	9000.000	9000.000	596.807	598.501	0.00771
24.3	28.160	216.440	1.000	13.700	4865.108	110.894	9000.000	9000.000	9000.000	9000.000	598.335	600.039	0.00754
24.4	27.661	216.281	1.000	13.669	4941.825	112.562	9000.000	9000.000	9000.000	9000.000	600.946	602.665	0.00754
24.5	27.270	216.180	1.000	13.665	5010.988	114.106	9000.000	9000.000	9000.000	9000.000	603.106	604.838	0.00756
24.6	26.829	216.407	1.000	13.600	5069.219	116.043	9000.000	9000.000	9000.000	9000.000	606.551	608.304	0.00789
24.7	26.394	216.197	1.000	13.600	5152.737	117.636	9000.000	9000.000	9000.000	9000.000	608.791	610.557	0.00783
24.8	26.009	216.195	1.000	13.500	5190.569	119.215	9000.000	9000.000	9000.000	9000.000	611.340	613.122	0.00794
24.9	25.608	216.219	1.000	13.469	5259.894	121.169	9000.000	9000.000	9000.000	9000.000	614.124	615.921	0.00809
25.0	25.157	216.050	1.000	13.378	5318.008	122.767	9000.000	9000.000	9000.000	9000.000	616.754	618.567	0.00807
25.1	24.767	216.067	1.000	13.150	5309.468	124.399	9000.000	9000.000	9000.000	9000.000	619.554	621.384	0.00821
25.2	24.396	216.252	1.000	13.000	5328.716	125.954	9000.000	9000.000	9000.000	9000.000	622.752	624.601	0.00852
25.3	24.015	216.073	1.000	13.000	5413.288	127.574	9000.000	9000.000	9000.000	9000.000	625.032	626.896	0.00848
25.4	23.653	215.876	1.000	12.626	5338.233	129.098	9000.000	9000.000	9000.000	9000.000	627.176	629.053	0.00841
25.5	23.285	215.907	1.000	12.228	5251.137	130.619	9000.000	9000.000	9000.000	9000.000	630.071	631.966	0.00858
25.6	22.918	216.050	1.000	11.859	5174.540	132.122	9000.000	9000.000	9000.000	9000.000	633.349	635.264	0.00886
25.7	22.556	215.928	1.000	11.844	5251.440	133.629	9000.000	9000.000	9000.000	9000.000	635.870	637.800	0.00888
25.8	22.196	215.750	1.000	12.000	5406.268	135.161	9000.000	9000.000	9000.000	9000.000	638.256	640.201	0.00884
25.9	21.843	215.750	1.000	12.079	5529.906	136.703	9000.000	9000.000	9000.000	9000.000	641.184	643.147	0.00898
26.0	21.484	215.392	1.000	11.942	5558.562	138.276	9000.000	9000.000	9000.000	9000.000	643.147	645.122	0.00875
26.1	21.161	215.628	1.000	11.761	5557.797	139.427	9000.000	9000.000	9000.000	9000.000	646.639	648.635	0.00914
26.2	20.839	215.820	1.000	11.570	5551.853	141.100	9000.000	9000.000	9000.000	9000.000	650.042	652.059	0.00949
26.3	20.479	215.761	1.000	11.268	5502.180	142.617	9000.000	9000.000	9000.000	9000.000	653.104	655.140	0.00959
26.4	20.212	216.025	1.000	11.000	5442.250	143.778	9000.000	9000.000	9000.000	9000.000	656.347	658.403	0.01002
26.5	19.838	215.769	1.000	11.923	6010.490	145.213	9000.000	9000.000	9000.000	9000.000	659.065	661.138	0.00991
26.6	19.571	215.879	1.000	12.200	6233.726	146.921	9000.000	9000.000	9000.000	9000.000	661.950	664.042	0.01017
26.7	19.250	215.950	1.000	11.900	6181.725	148.243	9000.000	9000.000	9000.000	9000.000	665.298	667.410	0.01043
26.8	18.940	215.890	1.000	11.540	6092.906	149.828	9000.000	9000.000	9000.000	9000.000	668.195	670.326	0.01053
26.9	18.690	215.566	1.000	11.084	5930.760	151.136	9000.000	9000.000	9000.000	9000.000	669.725	671.866	0.01027
27.0	18.342	215.771	1.000	10.563	5758.786	152.356	9000.000	9000.000	9000.000	9000.000	673.959	676.127	0.01072
27.1	18.090	215.715	1.000	10.035	5546.978	153.804	9000.000	9000.000	9000.000	9000.000	676.447	678.631	0.01080
27.2	17.775	216.124	1.000	9.775	5499.381	154.840	9000.000	9000.000	9000.000	9000.000	681.120	683.334	0.01153
27.3	17.497	216.348	1.000	9.598	5485.811	156.366	9000.000	9000.000	9000.000	9000.000	684.905	687.143	0.01202
27.4	17.231	216.319	1.000	9.431	5473.149	157.390	9000.000	9000.000	9000.000	9000.000	687.808	690.065	0.01217
27.5	16.953	216.543	1.000	9.300	5485.657	158.494	9000.000	9000.000	9000.000	9000.000	691.708	693.991	0.01269
27.6	16.682	216.697	1.000	9.282	5564.179	159.552	9000.000	9000.000	9000.000	9000.000	695.384	697.691	0.01313
27.7	16.423	216.362	1.000	9.112	5548.009	160.660	9000.000	9000.000	9000.000	9000.000	697.411	699.731	0.01283
27.8	16.176	216.374	1.000	9.000	5563.998	161.861	9000.000	9000.000	9000.000	9000.000	700.475	702.815	0.01305
27.9	15.942	216.923	1.000	9.000	5645.410	162.993	9000.000	9000.000	9000.000	9000.000	705.166	707.538	0.01411
28.0	15.652	217.790	1.000	9.096	5811.788	164.057	9000.000	9000.000	9000.000	9000.000	711.703	714.121	0.01588
28.1	15.458	218.492	1.000	9.200	5951.482	165.163	9000.000	9000.000	9000.000	9000.000	716.527	718.980	0.01741
28.2	15.166	218.382	1.000	9.200	6066.260	166.360	9000.000	9000.000	9000.000	9000.000	720.075	722.552	0.01753
28.3	14.970	218.841	1.000	9.070	6058.697	167.444	9000.000	9000.000	9000.000	9000.000	724.269	726.777	0.01871
28.4	14.681	219.169	1.000	8.981	6117.469	168.686	9000.000	9000.000	9000.000	9000.000	729.387	731.933	0.01980
28.5	14.478	219.493	1.000	8.878	6132.146	169.666	9000.000	9000.000	9000.000	9000.000	733.367	735.943	0.02083
28.6	14.281	219.669	1.000	8.800	6162.023	170.625	9000.000	9000.000	9000.000	9000.000	736.828	739.430	0.02154
28.7	14.093	219.750	1.000	8.696	6170.825	172.013	9000.000	9000.000	9000.000	9000.000	739.894	742.518	0.02203
28.8	13.818	219.750	1.000	8.518	6164.268	172.882	9000.000	9000.000	9000.000	9000.000	744.061	746.715	0.02247
28.9	13.634	219.816	1.000	8.532	6258.273	173.790	9000.000	9000.000	9000.000	9000.000	747.127	749.803	0.02295
29.0	13.446	220.219	1.000	8.600	6395.901	175.012	9000.000	9000.000	9000.000	9000.000	751.456	754.168	0.02435
29.1	13.184	220.898	1.000	8.584	6510.929	176.079	9000.000	9000.000	9000.000	9000.000	758.012	760.779	0.02679
29.2	13.022	221.228	1.000	8.578	6587.904	176.927	9000.000	9000.000	9000.000	9000.000	761.832	764.633	0.02814
29.3	12.814	220.993	1.000	8.700	6789.965	178.346	9000.000	9000.000	9000.000	9000.000	764.526	767.343	0.02786
29.4	12.583	220.950	1.000	8.600	6834.811	179.287	9000.000	9000.000	9000.000	9000.000	768.341	771.187	0.02824
29.5	12.412	220.950	1.000	8.512	6857.824	180.214	9000.000	9000.000	9000.000	9000.000	771.339	774.208	0.02863
29.6	12.238	220.664	1.000	8.562	6996.604	181.176	9000.000	9000.000	9000.000	9000.000	773.444	776.324	0.02813
29.7	12.066	220.282	1.000	8.600	7127.516	182.144	9000.000	9000.000	9000.000	9000.000	775.223	778.112	0.02733
29.8	11.896	220.043	1.000	8.596	7226.066	183.108	9000.000	9000.000	9000.000	9000.000	777.508	780.411	0.02699
29.9	11.720	219.770	1.000	8.420	7184.182	184.110	9000.000	9000.000	9000.000	9000.000	779.863	782.781	0.02657
30.0	11.536	219.259	1.000	8.173	7084.094	185.134	9000.000	9000.000	9000.000	9000.000	781.553	784.477	0.02548
30.1	11.354	219.927	1.000	7.862	6923.674	186.129	9000.000	9000.000	9000.000	9000.000	787.505	790.483	0.02794
30.2	11.161	222.472	1.000	7.600	6809.488	187.168	9000.000	9000.000	9000.000	9000.000	800.515	803.639	0.03786
30.3	10.973	223.323	1.000	7.700	7017.202	188.206	9000.000	9000.000	9000.000	9000.000	807.469	810.668	0.04212
30.4	10.793	223.029	1.000	7.593	7035.127	189.206	9000.000	9000.000	9000.000	9000.000	810.215	813.430	0.04147
30.5	10.621	222.433	1.000	7.500	7061.790	190.168	9000.000	9000.000	9000.000	9000.000	811.764	814.977	0.03947
30.6	10.442	221.661	1.000	7.442	7126.952	191.173	9000.000	9000.000	9000.000	9000.000	812.863	816.069	0.03687
30.7	10.300	221.708	1.000	7.400	7184.466	191.573	9000.000	9000.000	9000.000	9000.000	816.213	819.447	0.03757
30.8	10.203	221.947	1.000	7.303	7157.783	192.525	9000.000	9000.000	9000.000	9000.000	819.291	822.556	0.03895
30.9	10.039	222.333	1.000	7.239	7210.807	193.461	9000.000	9000.000	9000.000	9000.000	824.526	827.844	0.04132
31.0	9.867	222.783	1.000	7.167	7263.611	194.443	9000.000	9000.000	9000.000	9000.000	830.264	833.642	0.04418
31.1	9.696	222.750	1.000	7.000	7219.132	195.419	9000.000	9000.000	9000.000	9000.000	834.277	837.688	0.04480
31.2	9.521	222.750	1.000	6.921	7269.160	195.974	9000.000	9000.000	9000.000	9000.000	838.629	842.078	0.04563
31.3	9.446	222.550	1.000	6.746	7141.496	196.844	9000.000	9000.000	9000.000	9000.000	839.775	843.227	0.04499
31.4	9.280	222.770	1.000	6.700	7220.207	197.791	9000.000	9000.000	9000.000	9000.000	844.863	848.366	0.04693
31.5	9.109	222.759	1.000	6.700	7355.227	198.778	9000.000	9000.000	9000.000	9000.000	849.292	852.833	0.04776
31.6	9.000	222.650	1.000	6.666	7406.780	199.219	9000.000	9000.000	9000.000	9000.000	851.796	855.356	0.04776
31.7	8.864	222.414	1.000	6.600	7445.725	200.216	9000.000	9000.000	9000.000	9000.000	854.586	858.164	0.04725
31.8	8.696	222.350	1.000	6.496	7470.233	201.185	9000.000	9000.000	9000.000	9000.000	859.002	862.617	0.04783
31.9	8.600	222.508	1.000	6.242	7258.262	201.633	9000.000	9000.000	9000.000	9000.000	862.348	865.997	0.04923
32.0	8.441	222.969	1.000	6.041	7156.552	202.317	9000.000	9000.000	9000.000	9000.000	868.752	872.474	0.05278
32.1	8.363	223.813	1.000	5.963	7130.021	203.090	9000.000	9000.000	9000.000	9000.000	874.350	878.156	0.05843
32.2	8.195	223.655	1.000	5.900	7199.797	204.015	9000.000	9000.000	9000.000	9000.000	878.796	882.637	0.05862
32.3	8.100	223.671	1.000	5.741	7088.123	204.458	9000.000	9000.000	9000.000	9000.000	881.771	885.641	0.05941
32.4	7.941	223.869	1.000	5.641	7103.434	205.134	9000.000	9000.000	9000.000	9000.000	887.564	891.497	0.06195
32.5	7.859	223.860	1.000	5.500	6998.959	205.919	9000.000	9000.000	9000.000	9000.000	890.160	894.119	0.06257
32.6	7.700	223.668	1.000	5.500	7142.857	206.347	9000.000	9000.000	9000.000	9000.000	894.571	898.564	0.06251
32.7	7.600	223.750	1.000	5.300	6973.684	207.353	9000.000	9000.000	9000.000	9000.000	898.238	902.270	0.06391
32.8	7.500	223.910	2.000	5.120	6826.667	207.785	9000.000	9000.000	9000.000	9000.000	902.278	907.020	0.13184
32.9	7.342	224.050	1.421	5.042	6867.242	208.435	9000.000	9000.000	9000.000	9000.000	908.338	912.773	0.09696
33.0	7.268	223.657	1.321	4.968	6835.250	209.146	9000.000	9000.000	9000.000	9000.000	909.372	913.718	0.08675
33.1	7.100	223.460	1.000	4.800	6760.563	209.537	9000.000	9000.000	9000.000	9000.000	914.634	918.813	0.06633
33.2	7.020	223.811	1.000	4.800	6838.172	210.046	9000.000	9000.000	9000.000	9000.000	919.049	923.290	0.06973
33.3	6.946	224.058	2.000	4.746	6832.439	210.876	9000.000	9000.000	9000.000	9000.000	922.847	927.885	0.14483
33.4	6.800	223.885	2.000	4.600	6764.706	211.236	9000.000	9000.000	9000.000	9000.000	927.711	932.795	0.14518
33.5	6.717	223.402	2.000	4.517	6724.717	211.653	9000.000	9000.000	9000.000	9000.000	928.949	933.992	0.13940
33.6	6.643	223.434	2.000	4.443	6688.111	212.482	9000.000	9000.000	9000.000	9000.000	932.032	937.123	0.14156
33.7	6.500	223.912	1.690	4.369	6721.485	212.874	9000.000	9000.000	9000.000	9000.000	939.824	944.832	0.12840
33.8	6.402	224.050	1.000	4.300	6717.055	213.237	9000.000	9000.000	9000.000	9000.000	944.497	949.016	0.07856
33.9	6.334	224.050	1.000	4.334	6842.226	213.777	9000.000	9000.000	9000.000	9000.000	947.371	951.920	0.07942
34.0	6.252	224.150	1.481	4.200	6718.439	214.307	9000.000	9000.000	9000.000	9000.000	951.323	956.341	0.12086
34.1	6.166	224.050	1.339	4.066	6594.064	215.004	9000.000	9000.000	9000.000	9000.000	954.648	959.573	0.10960
34.2	6.000	224.060	1.900	4.000	6666.667	215.349	9000.000	9000.000	9000.000	9000.000	962.133	967.652	0.15949
34.3	5.992	223.581	1.000	3.892	6495.347	215.859	9000.000	9000.000	9000.000	9000.000	960.440	965.099	0.07981
34.4	5.894	224.444	1.061	3.794	6436.921	216.365	9000.000	9000.000	9000.000	9000.000	968.696	973.564	0.09468
34.5	5.789	224.205	1.891	3.689	6372.381	216.866	9000.000	9000.000	9000.000	9000.000	972.623	978.306	0.16670
34.6	5.700	225.050	1.000	3.600	6315.789	217.361	9000.000	9000.000	9000.000	9000.000	980.607	985.600	0.09856
34.7	9000.000	9000.000	9000.000	9000.000	9000.000	9000.000	9000.000	9000.000	9000.000	9000.000	9000.000	9000.000	9000.00000
34.8	9000.000	9000.000	9000.000	9000.000	9000.000	9000.000	9000.000	9000.000	9000.000	9000.000	9000.000	9000.000	9000.00000
34.9	9000.000	9000.000	9000.000	9000.000	9000.000	9000.000	9000.000	9000.000	9000.000	9000.000	9000.000	9000.000	9000.00000
35.0	9000.000	9000.000	9000.000	9000.000	9000.000	9000.000	9000.000	9000.000	9000.000	9000.000	9000.000	9000.000	9000.00000
